Key,Rule,Severity,Component,Project,Line,Hash,Text Range,Status,Message,Effort,Debt,Author,Tags,Creation Date,Update Date,Type,Scope,Quick Fix Available,Message Formattings
AYfq8swN2NhXQ4Y5VZBK,plsql:LiteralsNonPrintableCharactersCheck,CRITICAL,dtsx-file-project-local:src/samplefile.sql,dtsx-file-project-local,641,c1848abf6c793805c3d2301cc6b4c019,"{""startLine"":641,""endLine"":641,""startOffset"":0,""endOffset"":71}",OPEN,An illegal character with code point 10 was found in this literal.,10min,10min,,pitfall,2023-05-05T08:06:19+0000,2023-05-05T08:06:19+0000,CODE_SMELL,MAIN,false,[]
AYfq8swN2NhXQ4Y5VZBL,plsql:LiteralsNonPrintableCharactersCheck,CRITICAL,dtsx-file-project-local:src/samplefile.sql,dtsx-file-project-local,822,640cb7091969589c4a72499b8389d1dd,"{""startLine"":822,""endLine"":822,""startOffset"":0,""endOffset"":73}",OPEN,An illegal character with code point 10 was found in this literal.,10min,10min,,pitfall,2023-05-05T08:06:19+0000,2023-05-05T08:06:19+0000,CODE_SMELL,MAIN,false,[]
AYfq8swN2NhXQ4Y5VZBM,plsql:LiteralsNonPrintableCharactersCheck,CRITICAL,dtsx-file-project-local:src/samplefile.sql,dtsx-file-project-local,858,db5f6b8f917afaf06114feb01a92fc4d,"{""startLine"":858,""endLine"":858,""startOffset"":0,""endOffset"":79}",OPEN,An illegal character with code point 10 was found in this literal.,10min,10min,,pitfall,2023-05-05T08:06:19+0000,2023-05-05T08:06:19+0000,CODE_SMELL,MAIN,false,[]
AYfq8swN2NhXQ4Y5VZBN,plsql:LiteralsNonPrintableCharactersCheck,CRITICAL,dtsx-file-project-local:src/samplefile.sql,dtsx-file-project-local,859,89290bd9712481257e43d766b5e857f3,"{""startLine"":859,""endLine"":859,""startOffset"":0,""endOffset"":65}",OPEN,An illegal character with code point 10 was found in this literal.,10min,10min,,pitfall,2023-05-05T08:06:19+0000,2023-05-05T08:06:19+0000,CODE_SMELL,MAIN,false,[]
AYfq8swN2NhXQ4Y5VZBO,plsql:LiteralsNonPrintableCharactersCheck,CRITICAL,dtsx-file-project-local:src/samplefile.sql,dtsx-file-project-local,870,1e6a9d5f075628e12dc6d1760e3d220e,"{""startLine"":870,""endLine"":870,""startOffset"":0,""endOffset"":61}",OPEN,An illegal character with code point 10 was found in this literal.,10min,10min,,pitfall,2023-05-05T08:06:19+0000,2023-05-05T08:06:19+0000,CODE_SMELL,MAIN,false,[]
AYfq8swN2NhXQ4Y5VZBP,plsql:LiteralsNonPrintableCharactersCheck,CRITICAL,dtsx-file-project-local:src/samplefile.sql,dtsx-file-project-local,880,1da1798f9d6ba017054152ba27e7551b,"{""startLine"":880,""endLine"":880,""startOffset"":0,""endOffset"":63}",OPEN,An illegal character with code point 10 was found in this literal.,10min,10min,,pitfall,2023-05-05T08:06:19+0000,2023-05-05T08:06:19+0000,CODE_SMELL,MAIN,false,[]
AYfq8swN2NhXQ4Y5VZBQ,plsql:LiteralsNonPrintableCharactersCheck,CRITICAL,dtsx-file-project-local:src/samplefile.sql,dtsx-file-project-local,1173,8e23582a53829c012b21bb3d1fd6a69b,"{""startLine"":1173,""endLine"":1173,""startOffset"":0,""endOffset"":35}",OPEN,An illegal character with code point 10 was found in this literal.,10min,10min,,pitfall,2023-05-05T08:06:19+0000,2023-05-05T08:06:19+0000,CODE_SMELL,MAIN,false,[]
AYfq8swN2NhXQ4Y5VZBR,plsql:LiteralsNonPrintableCharactersCheck,CRITICAL,dtsx-file-project-local:src/samplefile.sql,dtsx-file-project-local,1182,f344ad86ae79b5d2b1ec8897bf3c0f97,"{""startLine"":1182,""endLine"":1182,""startOffset"":0,""endOffset"":103}",OPEN,An illegal character with code point 10 was found in this literal.,10min,10min,,pitfall,2023-05-05T08:06:19+0000,2023-05-05T08:06:19+0000,CODE_SMELL,MAIN,false,[]
AYejAmsFDSDrNq9G0If-,plsql:LiteralsNonPrintableCharactersCheck,CRITICAL,dstx-file-project-local:src/samplefile.sql,dstx-file-project-local,,db5f6b8f917afaf06114feb01a92fc4d,"{""startLine"":858,""endLine"":858,""startOffset"":0,""endOffset"":79}",CLOSED,An illegal character with code point 10 was found in this literal.,10min,10min,,pitfall,2023-04-21T08:50:42+0000,2023-04-25T01:25:13+0000,CODE_SMELL,MAIN,false,[]
AYejAmsFDSDrNq9G0If8,plsql:LiteralsNonPrintableCharactersCheck,CRITICAL,dstx-file-project-local:src/samplefile.sql,dstx-file-project-local,,c1848abf6c793805c3d2301cc6b4c019,"{""startLine"":641,""endLine"":641,""startOffset"":0,""endOffset"":71}",CLOSED,An illegal character with code point 10 was found in this literal.,10min,10min,,pitfall,2023-04-21T08:50:42+0000,2023-04-25T01:25:13+0000,CODE_SMELL,MAIN,false,[]
AYejAmsFDSDrNq9G0If9,plsql:LiteralsNonPrintableCharactersCheck,CRITICAL,dstx-file-project-local:src/samplefile.sql,dstx-file-project-local,,640cb7091969589c4a72499b8389d1dd,"{""startLine"":822,""endLine"":822,""startOffset"":0,""endOffset"":73}",CLOSED,An illegal character with code point 10 was found in this literal.,10min,10min,,pitfall,2023-04-21T08:50:42+0000,2023-04-25T01:25:13+0000,CODE_SMELL,MAIN,false,[]
AYejAmsFDSDrNq9G0If_,plsql:LiteralsNonPrintableCharactersCheck,CRITICAL,dstx-file-project-local:src/samplefile.sql,dstx-file-project-local,,89290bd9712481257e43d766b5e857f3,"{""startLine"":859,""endLine"":859,""startOffset"":0,""endOffset"":65}",CLOSED,An illegal character with code point 10 was found in this literal.,10min,10min,,pitfall,2023-04-21T08:50:42+0000,2023-04-25T01:25:13+0000,CODE_SMELL,MAIN,false,[]
AYejAmsFDSDrNq9G0IgA,plsql:LiteralsNonPrintableCharactersCheck,CRITICAL,dstx-file-project-local:src/samplefile.sql,dstx-file-project-local,,1e6a9d5f075628e12dc6d1760e3d220e,"{""startLine"":870,""endLine"":870,""startOffset"":0,""endOffset"":61}",CLOSED,An illegal character with code point 10 was found in this literal.,10min,10min,,pitfall,2023-04-21T08:50:42+0000,2023-04-25T01:25:13+0000,CODE_SMELL,MAIN,false,[]
AYejAmsFDSDrNq9G0IgB,plsql:LiteralsNonPrintableCharactersCheck,CRITICAL,dstx-file-project-local:src/samplefile.sql,dstx-file-project-local,,1da1798f9d6ba017054152ba27e7551b,"{""startLine"":880,""endLine"":880,""startOffset"":0,""endOffset"":63}",CLOSED,An illegal character with code point 10 was found in this literal.,10min,10min,,pitfall,2023-04-21T08:50:42+0000,2023-04-25T01:25:13+0000,CODE_SMELL,MAIN,false,[]
AYejAmsFDSDrNq9G0IgC,plsql:LiteralsNonPrintableCharactersCheck,CRITICAL,dstx-file-project-local:src/samplefile.sql,dstx-file-project-local,,8e23582a53829c012b21bb3d1fd6a69b,"{""startLine"":1173,""endLine"":1173,""startOffset"":0,""endOffset"":35}",CLOSED,An illegal character with code point 10 was found in this literal.,10min,10min,,pitfall,2023-04-21T08:50:42+0000,2023-04-25T01:25:13+0000,CODE_SMELL,MAIN,false,[]
AYejAmsFDSDrNq9G0IgD,plsql:LiteralsNonPrintableCharactersCheck,CRITICAL,dstx-file-project-local:src/samplefile.sql,dstx-file-project-local,,f344ad86ae79b5d2b1ec8897bf3c0f97,"{""startLine"":1182,""endLine"":1182,""startOffset"":0,""endOffset"":103}",CLOSED,An illegal character with code point 10 was found in this literal.,10min,10min,,pitfall,2023-04-21T08:50:42+0000,2023-04-25T01:25:13+0000,CODE_SMELL,MAIN,false,[]
AYe2EnT5xaLudXy26Q5f,plsql:LiteralsNonPrintableCharactersCheck,CRITICAL,dstx-file-project-local:src/samplefile.sql,dstx-file-project-local,641,c1848abf6c793805c3d2301cc6b4c019,"{""startLine"":641,""endLine"":641,""startOffset"":0,""endOffset"":71}",OPEN,An illegal character with code point 10 was found in this literal.,10min,10min,,pitfall,2023-04-21T08:50:42+0000,2023-04-25T01:55:18+0000,CODE_SMELL,MAIN,false,[]
AYe2EnT5xaLudXy26Q5g,plsql:LiteralsNonPrintableCharactersCheck,CRITICAL,dstx-file-project-local:src/samplefile.sql,dstx-file-project-local,822,640cb7091969589c4a72499b8389d1dd,"{""startLine"":822,""endLine"":822,""startOffset"":0,""endOffset"":73}",OPEN,An illegal character with code point 10 was found in this literal.,10min,10min,,pitfall,2023-04-21T08:50:42+0000,2023-04-25T01:55:18+0000,CODE_SMELL,MAIN,false,[]
AYe2EnT5xaLudXy26Q5h,plsql:LiteralsNonPrintableCharactersCheck,CRITICAL,dstx-file-project-local:src/samplefile.sql,dstx-file-project-local,858,db5f6b8f917afaf06114feb01a92fc4d,"{""startLine"":858,""endLine"":858,""startOffset"":0,""endOffset"":79}",OPEN,An illegal character with code point 10 was found in this literal.,10min,10min,,pitfall,2023-04-21T08:50:42+0000,2023-04-25T01:55:18+0000,CODE_SMELL,MAIN,false,[]
AYe2EnT5xaLudXy26Q5i,plsql:LiteralsNonPrintableCharactersCheck,CRITICAL,dstx-file-project-local:src/samplefile.sql,dstx-file-project-local,859,89290bd9712481257e43d766b5e857f3,"{""startLine"":859,""endLine"":859,""startOffset"":0,""endOffset"":65}",OPEN,An illegal character with code point 10 was found in this literal.,10min,10min,,pitfall,2023-04-21T08:50:42+0000,2023-04-25T01:55:18+0000,CODE_SMELL,MAIN,false,[]
AYe2EnT5xaLudXy26Q5j,plsql:LiteralsNonPrintableCharactersCheck,CRITICAL,dstx-file-project-local:src/samplefile.sql,dstx-file-project-local,870,1e6a9d5f075628e12dc6d1760e3d220e,"{""startLine"":870,""endLine"":870,""startOffset"":0,""endOffset"":61}",OPEN,An illegal character with code point 10 was found in this literal.,10min,10min,,pitfall,2023-04-21T08:50:42+0000,2023-04-25T01:55:18+0000,CODE_SMELL,MAIN,false,[]
AYe2EnT5xaLudXy26Q5k,plsql:LiteralsNonPrintableCharactersCheck,CRITICAL,dstx-file-project-local:src/samplefile.sql,dstx-file-project-local,880,1da1798f9d6ba017054152ba27e7551b,"{""startLine"":880,""endLine"":880,""startOffset"":0,""endOffset"":63}",OPEN,An illegal character with code point 10 was found in this literal.,10min,10min,,pitfall,2023-04-21T08:50:42+0000,2023-04-25T01:55:18+0000,CODE_SMELL,MAIN,false,[]
AYe2EnT5xaLudXy26Q5l,plsql:LiteralsNonPrintableCharactersCheck,CRITICAL,dstx-file-project-local:src/samplefile.sql,dstx-file-project-local,1173,8e23582a53829c012b21bb3d1fd6a69b,"{""startLine"":1173,""endLine"":1173,""startOffset"":0,""endOffset"":35}",OPEN,An illegal character with code point 10 was found in this literal.,10min,10min,,pitfall,2023-04-21T08:50:42+0000,2023-04-25T01:55:18+0000,CODE_SMELL,MAIN,false,[]
AYe2EnT5xaLudXy26Q5m,plsql:LiteralsNonPrintableCharactersCheck,CRITICAL,dstx-file-project-local:src/samplefile.sql,dstx-file-project-local,1182,f344ad86ae79b5d2b1ec8897bf3c0f97,"{""startLine"":1182,""endLine"":1182,""startOffset"":0,""endOffset"":103}",OPEN,An illegal character with code point 10 was found in this literal.,10min,10min,,pitfall,2023-04-21T08:50:42+0000,2023-04-25T01:55:18+0000,CODE_SMELL,MAIN,false,[]
AYeiqDmhDSDrNq9G0IUS,plsql:LiteralsNonPrintableCharactersCheck,CRITICAL,dstx-file-project-local:src/samplefile.dstx,dstx-file-project-local,,c1848abf6c793805c3d2301cc6b4c019,"{""startLine"":641,""endLine"":641,""startOffset"":0,""endOffset"":71}",CLOSED,An illegal character with code point 10 was found in this literal.,10min,10min,,pitfall,2023-04-21T07:12:15+0000,2023-04-21T07:16:00+0000,CODE_SMELL,MAIN,false,[]
AYeiqDmhDSDrNq9G0IUT,plsql:LiteralsNonPrintableCharactersCheck,CRITICAL,dstx-file-project-local:src/samplefile.dstx,dstx-file-project-local,,640cb7091969589c4a72499b8389d1dd,"{""startLine"":822,""endLine"":822,""startOffset"":0,""endOffset"":73}",CLOSED,An illegal character with code point 10 was found in this literal.,10min,10min,,pitfall,2023-04-21T07:12:15+0000,2023-04-21T07:16:00+0000,CODE_SMELL,MAIN,false,[]
AYeiqDmhDSDrNq9G0IUU,plsql:LiteralsNonPrintableCharactersCheck,CRITICAL,dstx-file-project-local:src/samplefile.dstx,dstx-file-project-local,,db5f6b8f917afaf06114feb01a92fc4d,"{""startLine"":858,""endLine"":858,""startOffset"":0,""endOffset"":79}",CLOSED,An illegal character with code point 10 was found in this literal.,10min,10min,,pitfall,2023-04-21T07:12:15+0000,2023-04-21T07:16:00+0000,CODE_SMELL,MAIN,false,[]
AYeiqDmhDSDrNq9G0IUV,plsql:LiteralsNonPrintableCharactersCheck,CRITICAL,dstx-file-project-local:src/samplefile.dstx,dstx-file-project-local,,89290bd9712481257e43d766b5e857f3,"{""startLine"":859,""endLine"":859,""startOffset"":0,""endOffset"":65}",CLOSED,An illegal character with code point 10 was found in this literal.,10min,10min,,pitfall,2023-04-21T07:12:15+0000,2023-04-21T07:16:00+0000,CODE_SMELL,MAIN,false,[]
AYeiqDmhDSDrNq9G0IUW,plsql:LiteralsNonPrintableCharactersCheck,CRITICAL,dstx-file-project-local:src/samplefile.dstx,dstx-file-project-local,,1e6a9d5f075628e12dc6d1760e3d220e,"{""startLine"":870,""endLine"":870,""startOffset"":0,""endOffset"":61}",CLOSED,An illegal character with code point 10 was found in this literal.,10min,10min,,pitfall,2023-04-21T07:12:15+0000,2023-04-21T07:16:00+0000,CODE_SMELL,MAIN,false,[]
AYeiqDmhDSDrNq9G0IUX,plsql:LiteralsNonPrintableCharactersCheck,CRITICAL,dstx-file-project-local:src/samplefile.dstx,dstx-file-project-local,,1da1798f9d6ba017054152ba27e7551b,"{""startLine"":880,""endLine"":880,""startOffset"":0,""endOffset"":63}",CLOSED,An illegal character with code point 10 was found in this literal.,10min,10min,,pitfall,2023-04-21T07:12:15+0000,2023-04-21T07:16:00+0000,CODE_SMELL,MAIN,false,[]
AYeiqDmhDSDrNq9G0IUY,plsql:LiteralsNonPrintableCharactersCheck,CRITICAL,dstx-file-project-local:src/samplefile.dstx,dstx-file-project-local,,8e23582a53829c012b21bb3d1fd6a69b,"{""startLine"":1173,""endLine"":1173,""startOffset"":0,""endOffset"":35}",CLOSED,An illegal character with code point 10 was found in this literal.,10min,10min,,pitfall,2023-04-21T07:12:15+0000,2023-04-21T07:16:00+0000,CODE_SMELL,MAIN,false,[]
AYeiqDmhDSDrNq9G0IUZ,plsql:LiteralsNonPrintableCharactersCheck,CRITICAL,dstx-file-project-local:src/samplefile.dstx,dstx-file-project-local,,f344ad86ae79b5d2b1ec8897bf3c0f97,"{""startLine"":1182,""endLine"":1182,""startOffset"":0,""endOffset"":103}",CLOSED,An illegal character with code point 10 was found in this literal.,10min,10min,,pitfall,2023-04-21T07:12:15+0000,2023-04-21T07:16:00+0000,CODE_SMELL,MAIN,false,[]
AYeTkVLrf3tdOjSTH2wd,java:S3923,MAJOR,java-gradle-sonar-local:src/main/java/fr/parisnanterre/pascalpoizat/templates/javaproject/Principal.java,java-gradle-sonar-local,41,a386c97c4f3ee97322e58b2396dc3d75,"{""startLine"":41,""endLine"":41,""startOffset"":8,""endOffset"":14}",OPEN,Remove this conditional structure or edit its code blocks so that they&#x27;re not all the same.,15min,15min,,,2023-04-18T08:52:51+0000,2023-06-28T10:00:49+0000,BUG,MAIN,false,[]
AYeTkVLrf3tdOjSTH2we,java:S4524,CRITICAL,java-gradle-sonar-local:src/main/java/fr/parisnanterre/pascalpoizat/templates/javaproject/Principal.java,java-gradle-sonar-local,42,f2cab306577487dc71bf8beb392c0f8e,"{""startLine"":42,""endLine"":42,""startOffset"":12,""endOffset"":20}",OPEN,Move this default to the end of the switch.,5min,5min,,,2023-04-18T08:52:51+0000,2023-06-28T10:01:06+0000,CODE_SMELL,MAIN,false,[]
AYeTkVLqf3tdOjSTH2wY,java:S1192,CRITICAL,java-gradle-sonar-local:src/main/java/fr/parisnanterre/pascalpoizat/templates/javaproject/Principal.java,java-gradle-sonar-local,43,f4960111e37d3837bd0822ccde300683,"{""startLine"":43,""endLine"":43,""startOffset"":35,""endOffset"":50}",OPEN,Define a constant instead of duplicating this literal &#x22;Non Compliant&#x22; 4 times.,10min,10min,,design,2023-04-18T08:52:51+0000,2023-06-28T10:01:21+0000,CODE_SMELL,MAIN,false,[]
AYeTkVLrf3tdOjSTH2wf,java:S106,MAJOR,java-gradle-sonar-local:src/main/java/fr/parisnanterre/pascalpoizat/templates/javaproject/Principal.java,java-gradle-sonar-local,43,f4960111e37d3837bd0822ccde300683,"{""startLine"":43,""endLine"":43,""startOffset"":16,""endOffset"":26}",OPEN,Replace this use of System.out or System.err by a logger.,10min,10min,,"bad-practice,cert,owasp-a3",2023-04-18T08:52:51+0000,2023-06-28T10:01:38+0000,CODE_SMELL,MAIN,false,[]
AYeTkVLrf3tdOjSTH2wg,java:S106,MAJOR,java-gradle-sonar-local:src/main/java/fr/parisnanterre/pascalpoizat/templates/javaproject/Principal.java,java-gradle-sonar-local,46,f4960111e37d3837bd0822ccde300683,"{""startLine"":46,""endLine"":46,""startOffset"":16,""endOffset"":26}",OPEN,Replace this use of System.out or System.err by a logger.,10min,10min,,"bad-practice,cert,owasp-a3",2023-04-18T08:52:51+0000,2023-06-28T10:01:50+0000,CODE_SMELL,MAIN,false,[]
AYeTkVLrf3tdOjSTH2wh,java:S106,MAJOR,java-gradle-sonar-local:src/main/java/fr/parisnanterre/pascalpoizat/templates/javaproject/Principal.java,java-gradle-sonar-local,49,f4960111e37d3837bd0822ccde300683,"{""startLine"":49,""endLine"":49,""startOffset"":16,""endOffset"":26}",OPEN,Replace this use of System.out or System.err by a logger.,10min,10min,,"bad-practice,cert,owasp-a3",2023-04-18T08:52:51+0000,2023-06-28T10:02:04+0000,CODE_SMELL,MAIN,false,[]
AYeTkVLrf3tdOjSTH2wZ,java:S2589,MAJOR,java-gradle-sonar-local:src/main/java/fr/parisnanterre/pascalpoizat/templates/javaproject/Principal.java,java-gradle-sonar-local,53,6196cb745286431e95c9e2a5b43179bf,"{""startLine"":53,""endLine"":53,""startOffset"":41,""endOffset"":46}",OPEN,Remove this expression which always evaluates to &#x22;false&#x22;,10min,10min,,"cert,cwe,redundant,suspicious",2023-04-18T08:52:51+0000,2023-06-28T10:02:16+0000,CODE_SMELL,MAIN,false,[]
AYeTkVLrf3tdOjSTH2wa,java:S2589,MAJOR,java-gradle-sonar-local:src/main/java/fr/parisnanterre/pascalpoizat/templates/javaproject/Principal.java,java-gradle-sonar-local,53,6196cb745286431e95c9e2a5b43179bf,"{""startLine"":53,""endLine"":53,""startOffset"":14,""endOffset"":18}",OPEN,Remove this expression which always evaluates to &#x22;true&#x22;,10min,10min,,"cert,cwe,redundant,suspicious",2023-04-18T08:52:51+0000,2023-06-28T10:02:28+0000,CODE_SMELL,MAIN,false,[]
AYeTkVLrf3tdOjSTH2wb,java:S2589,MAJOR,java-gradle-sonar-local:src/main/java/fr/parisnanterre/pascalpoizat/templates/javaproject/Principal.java,java-gradle-sonar-local,53,6196cb745286431e95c9e2a5b43179bf,"{""startLine"":53,""endLine"":53,""startOffset"":22,""endOffset"":27}",OPEN,Remove this expression which always evaluates to &#x22;false&#x22;,10min,10min,,"cert,cwe,redundant,suspicious",2023-04-18T08:52:51+0000,2023-06-28T10:02:41+0000,CODE_SMELL,MAIN,false,[]
AYeTkVLrf3tdOjSTH2wc,java:S2589,MAJOR,java-gradle-sonar-local:src/main/java/fr/parisnanterre/pascalpoizat/templates/javaproject/Principal.java,java-gradle-sonar-local,53,6196cb745286431e95c9e2a5b43179bf,"{""startLine"":53,""endLine"":53,""startOffset"":33,""endOffset"":37}",OPEN,Remove this expression which always evaluates to &#x22;true&#x22;,10min,10min,,"cert,cwe,redundant,suspicious",2023-04-18T08:52:51+0000,2023-06-28T10:02:59+0000,CODE_SMELL,MAIN,false,[]
AYeTkVLrf3tdOjSTH2wi,java:S1125,MINOR,java-gradle-sonar-local:src/main/java/fr/parisnanterre/pascalpoizat/templates/javaproject/Principal.java,java-gradle-sonar-local,53,6196cb745286431e95c9e2a5b43179bf,"{""startLine"":53,""endLine"":53,""startOffset"":52,""endOffset"":56}",OPEN,Remove the unnecessary boolean literal.,5min,5min,,clumsy,2023-04-18T08:52:51+0000,2023-06-28T10:03:12+0000,CODE_SMELL,MAIN,true,[]
AYeTkVLrf3tdOjSTH2wj,java:S1764,MAJOR,java-gradle-sonar-local:src/main/java/fr/parisnanterre/pascalpoizat/templates/javaproject/Principal.java,java-gradle-sonar-local,53,6196cb745286431e95c9e2a5b43179bf,"{""startLine"":53,""endLine"":53,""startOffset"":32,""endOffset"":47}",OPEN,Correct one of the identical sub-expressions on both sides of operator &#x22;||&#x22;,2min,2min,,cert,2023-04-18T08:52:51+0000,2023-06-28T10:03:24+0000,BUG,MAIN,false,[]
AYeTkVLrf3tdOjSTH2wk,java:S1125,MINOR,java-gradle-sonar-local:src/main/java/fr/parisnanterre/pascalpoizat/templates/javaproject/Principal.java,java-gradle-sonar-local,53,6196cb745286431e95c9e2a5b43179bf,"{""startLine"":53,""endLine"":53,""startOffset"":14,""endOffset"":18}",OPEN,Remove the unnecessary boolean literals.,5min,5min,,clumsy,2023-04-18T08:52:51+0000,2023-06-28T10:03:34+0000,CODE_SMELL,MAIN,true,[]
AYeTkVLrf3tdOjSTH2wl,java:S1125,MINOR,java-gradle-sonar-local:src/main/java/fr/parisnanterre/pascalpoizat/templates/javaproject/Principal.java,java-gradle-sonar-local,53,6196cb745286431e95c9e2a5b43179bf,"{""startLine"":53,""endLine"":53,""startOffset"":33,""endOffset"":37}",OPEN,Remove the unnecessary boolean literals.,5min,5min,,clumsy,2023-04-18T08:52:51+0000,2023-06-28T10:03:48+0000,CODE_SMELL,MAIN,true,[]
AYeTkVLrf3tdOjSTH2wm,java:S106,MAJOR,java-gradle-sonar-local:src/main/java/fr/parisnanterre/pascalpoizat/templates/javaproject/Principal.java,java-gradle-sonar-local,54,f4960111e37d3837bd0822ccde300683,"{""startLine"":54,""endLine"":54,""startOffset"":12,""endOffset"":22}",OPEN,Replace this use of System.out or System.err by a logger.,10min,10min,,"bad-practice,cert,owasp-a3",2023-04-18T08:52:51+0000,2023-06-28T10:04:01+0000,CODE_SMELL,MAIN,false,[]
AYbrSM6trCZoby-g10wW,cpp:S6004,MINOR,sonarsource-cfamily-examples_linux-cmake-gitlab-ci-sq:src/main.cpp,sonarsource-cfamily-examples_linux-cmake-gitlab-ci-sq,8,e8f4371dce086ed6990d9d47fc9a2410,"{""startLine"":8,""endLine"":8,""startOffset"":6,""endOffset"":14}",OPEN,Use the init-statement to declare &#x22;num&#x22; inside the if statement.,2min,2min,joshua.quek.fullstack@gmail.com,"clumsy,since-c++17",2023-03-16T16:15:23+0000,2023-06-29T13:17:07+0000,CODE_SMELL,MAIN,true,[]
AYbrSM6trCZoby-g10wX,cpp:S1862,MAJOR,sonarsource-cfamily-examples_linux-cmake-gitlab-ci-sq:src/main.cpp,sonarsource-cfamily-examples_linux-cmake-gitlab-ci-sq,10,81803ac3304be1e1f1b7139217285efb,"{""startLine"":10,""endLine"":10,""startOffset"":13,""endOffset"":21}",OPEN,This branch can not be reached because the condition duplicates a previous condition in the same sequence of &#x22;if/else if&#x22; statements,10min,10min,joshua.quek.fullstack@gmail.com,"cert,pitfall,unused",2023-03-16T16:15:23+0000,2023-06-29T13:17:24+0000,BUG,MAIN,false,[]
AYbrSM6trCZoby-g10wY,cpp:S4962,CRITICAL,sonarsource-cfamily-examples_linux-cmake-gitlab-ci-sq:src/main.cpp,sonarsource-cfamily-examples_linux-cmake-gitlab-ci-sq,17,550e6af56c2019b03bd555e06d27bac5,"{""startLine"":17,""endLine"":17,""startOffset"":14,""endOffset"":15}",OPEN,Use the &#x22;nullptr&#x22; literal.,1min,1min,joshua.quek.fullstack@gmail.com,"bad-practice,cppcoreguidelines,since-c++11",2023-03-16T16:15:23+0000,2023-06-29T13:17:41+0000,CODE_SMELL,MAIN,true,[]
AYbrSM6trCZoby-g10wZ,cpp:S1116,MINOR,sonarsource-cfamily-examples_linux-cmake-gitlab-ci-sq:src/main.cpp,sonarsource-cfamily-examples_linux-cmake-gitlab-ci-sq,18,cc20c3cce9e327d4b9e52b97a99056d9,"{""startLine"":18,""endLine"":18,""startOffset"":30,""endOffset"":31}",OPEN,Remove this empty statement.,2min,2min,joshua.quek.fullstack@gmail.com,"based-on-misra,cert,unused",2023-03-16T16:15:23+0000,2023-06-29T13:18:00+0000,CODE_SMELL,MAIN,false,[]
AYbJfbsVdKFpeXIWkUWd,typescript:S1186,CRITICAL,typescript-nodejs-sonar-local:src/logger/logger-noop.service.ts,typescript-nodejs-sonar-local,6,b6e509b9ac316f45b1b61ec30a187c3c,"{""startLine"":6,""endLine"":6,""startOffset"":47,""endOffset"":49}",OPEN,Unexpected empty method &#x27;log&#x27;.,5min,5min,joshua.quek.fullstack@gmail.com,suspicious,2023-03-10T02:51:49+0000,2023-06-19T07:43:28+0000,CODE_SMELL,MAIN,true,[]
AYbJfbsVdKFpeXIWkUWe,typescript:S1186,CRITICAL,typescript-nodejs-sonar-local:src/logger/logger-noop.service.ts,typescript-nodejs-sonar-local,7,efa39f91409689268b7f1fb35be7236e,"{""startLine"":7,""endLine"":7,""startOffset"":48,""endOffset"":50}",OPEN,Unexpected empty method &#x27;info&#x27;.,5min,5min,joshua.quek.fullstack@gmail.com,suspicious,2023-03-10T02:51:49+0000,2023-06-16T14:54:48+0000,CODE_SMELL,MAIN,true,[]
AYbJfbsVdKFpeXIWkUWf,typescript:S1186,CRITICAL,typescript-nodejs-sonar-local:src/logger/logger-noop.service.ts,typescript-nodejs-sonar-local,8,a24f1e317fb2ead6a4095651351e34e5,"{""startLine"":8,""endLine"":8,""startOffset"":49,""endOffset"":51}",OPEN,Unexpected empty method &#x27;debug&#x27;.,5min,5min,joshua.quek.fullstack@gmail.com,suspicious,2023-03-10T02:51:49+0000,2023-06-15T06:49:56+0000,CODE_SMELL,MAIN,true,[]
AYbJfbsVdKFpeXIWkUWg,typescript:S1186,CRITICAL,typescript-nodejs-sonar-local:src/logger/logger-noop.service.ts,typescript-nodejs-sonar-local,9,78579005afb8d16bb8d29dcfb6e6aadf,"{""startLine"":9,""endLine"":9,""startOffset"":49,""endOffset"":51}",OPEN,Unexpected empty method &#x27;fatal&#x27;.,5min,5min,joshua.quek.fullstack@gmail.com,suspicious,2023-03-10T02:51:49+0000,2023-06-15T06:50:04+0000,CODE_SMELL,MAIN,true,[]
AYbJfbsVdKFpeXIWkUWh,typescript:S1186,CRITICAL,typescript-nodejs-sonar-local:src/logger/logger-noop.service.ts,typescript-nodejs-sonar-local,10,e5c55f6525d0f6fd5775c1969193d540,"{""startLine"":10,""endLine"":10,""startOffset"":48,""endOffset"":50}",OPEN,Unexpected empty method &#x27;warn&#x27;.,5min,5min,joshua.quek.fullstack@gmail.com,suspicious,2023-03-10T02:51:49+0000,2023-06-15T06:50:11+0000,CODE_SMELL,MAIN,true,[]
AYbJfbsVdKFpeXIWkUWi,typescript:S1186,CRITICAL,typescript-nodejs-sonar-local:src/logger/logger-noop.service.ts,typescript-nodejs-sonar-local,11,d6f39451798ae125bc8eeb3aa8dbfcd5,"{""startLine"":11,""endLine"":11,""startOffset"":49,""endOffset"":51}",OPEN,Unexpected empty method &#x27;error&#x27;.,5min,5min,joshua.quek.fullstack@gmail.com,suspicious,2023-03-10T02:51:49+0000,2023-06-15T06:50:22+0000,CODE_SMELL,MAIN,true,[]
AYbJfbsVdKFpeXIWkUWj,typescript:S1186,CRITICAL,typescript-nodejs-sonar-local:src/logger/logger-noop.service.ts,typescript-nodejs-sonar-local,12,364242d28a0eb641eb99ead2fb39ab42,"{""startLine"":12,""endLine"":12,""startOffset"":49,""endOffset"":51}",OPEN,Unexpected empty method &#x27;trace&#x27;.,5min,5min,joshua.quek.fullstack@gmail.com,suspicious,2023-03-10T02:51:49+0000,2023-06-15T06:50:31+0000,CODE_SMELL,MAIN,true,[]
AYbJfbsVdKFpeXIWkUWk,typescript:S1186,CRITICAL,typescript-nodejs-sonar-local:src/logger/logger-noop.service.ts,typescript-nodejs-sonar-local,18,2b6e1ac75bf1be291faaa6b9f63308fa,"{""startLine"":18,""endLine"":19,""startOffset"":48,""endOffset"":3}",OPEN,Unexpected empty method &#x27;apply&#x27;.,5min,5min,joshua.quek.fullstack@gmail.com,suspicious,2023-03-10T02:51:49+0000,2023-06-15T06:50:40+0000,CODE_SMELL,MAIN,true,[]
AYbJfbsOdKFpeXIWkUWc,typescript:S4144,MAJOR,typescript-nodejs-sonar-local:src/logger/logger-pino.service.ts,typescript-nodejs-sonar-local,38,dd530d17b52e99227e39f134bf833af4,"{""startLine"":38,""endLine"":38,""startOffset"":2,""endOffset"":6}",OPEN,Update this function so that its implementation is not identical to the one on line 22.,15min,15min,joshua.quek.fullstack@gmail.com,"confusing,duplicate,suspicious",2023-03-10T02:51:49+0000,2023-06-15T06:51:00+0000,CODE_SMELL,MAIN,false,[]
AYbJfbrtdKFpeXIWkUWb,typescript:S1128,MINOR,typescript-nodejs-sonar-local:src/tracer/jaeger-tracer.factory.ts,typescript-nodejs-sonar-local,3,a58b6df1492ddccd82bb2d731ba1acd6,"{""startLine"":3,""endLine"":3,""startOffset"":47,""endOffset"":53}",OPEN,Remove this unused import of &#x27;Tracer&#x27;.,2min,2min,joshua.quek.fullstack@gmail.com,"es2015,unused",2023-03-10T02:51:49+0000,2023-06-15T06:51:14+0000,CODE_SMELL,MAIN,true,[]
AYbJfbqKdKFpeXIWkUWW,typescript:S1874,MINOR,typescript-nodejs-sonar-local:src/util/opentracing/express-middleware.ts,typescript-nodejs-sonar-local,41,68c477a269c9a0a16535d646408c9e07,"{""startLine"":41,""endLine"":41,""startOffset"":25,""endOffset"":30}",OPEN,&#x27;parse&#x27; is deprecated. since v11.0.0 - Use the WHATWG URL API.,15min,15min,joshua.quek.fullstack@gmail.com,"cwe,obsolete",2023-03-10T02:51:49+0000,2023-06-15T06:51:34+0000,CODE_SMELL,MAIN,false,[]
AYbJfbqKdKFpeXIWkUWX,typescript:S125,MAJOR,typescript-nodejs-sonar-local:src/util/opentracing/express-middleware.ts,typescript-nodejs-sonar-local,76,c8f54113794c3725c36a9ba56f81759a,"{""startLine"":76,""endLine"":76,""startOffset"":4,""endOffset"":35}",OPEN,Remove this commented out code.,5min,5min,joshua.quek.fullstack@gmail.com,unused,2023-03-10T02:51:49+0000,2023-06-15T06:51:53+0000,CODE_SMELL,MAIN,true,[]
AYbJfbrSdKFpeXIWkUWY,typescript:S1128,MINOR,typescript-nodejs-sonar-local:src/workers/simple.worker.ts,typescript-nodejs-sonar-local,1,3df3a30fd782623c8a7ab23660b55862,"{""startLine"":1,""endLine"":1,""startOffset"":27,""endOffset"":36}",OPEN,Remove this unused import of &#x27;Singleton&#x27;.,2min,2min,joshua.quek.fullstack@gmail.com,"es2015,unused",2023-03-10T02:51:49+0000,2023-06-15T06:52:12+0000,CODE_SMELL,MAIN,true,[]
AYbJfbrYdKFpeXIWkUWZ,typescript:S1874,MINOR,typescript-nodejs-sonar-local:src/workers/worker-manager.ts,typescript-nodejs-sonar-local,39,f39fd3521fc97576343e4dca9f63dfed,"{""startLine"":39,""endLine"":39,""startOffset"":33,""endOffset"":42}",OPEN,&#x27;toPromise&#x27; is deprecated. Replaced with  {@link  firstValueFrom  }  and  {@link  lastValueFrom  } . Will be removed in v8. Details: https://rxjs.dev/deprecations/to-promise,15min,15min,joshua.quek.fullstack@gmail.com,"cwe,obsolete",2023-03-10T02:51:49+0000,2023-06-15T06:52:31+0000,CODE_SMELL,MAIN,false,[]
AYbJfbrYdKFpeXIWkUWa,typescript:S1874,MINOR,typescript-nodejs-sonar-local:src/workers/worker-manager.ts,typescript-nodejs-sonar-local,46,6547bb82a352813067772b5281899fde,"{""startLine"":46,""endLine"":46,""startOffset"":33,""endOffset"":42}",OPEN,&#x27;toPromise&#x27; is deprecated. Replaced with  {@link  firstValueFrom  }  and  {@link  lastValueFrom  } . Will be removed in v8. Details: https://rxjs.dev/deprecations/to-promise,15min,15min,joshua.quek.fullstack@gmail.com,"cwe,obsolete",2023-03-10T02:51:49+0000,2023-06-15T06:52:44+0000,CODE_SMELL,MAIN,false,[]
AYbD8eqR_dtLGUU1PIfx,csharpsquid:S125,MAJOR,dotnetcore-azuredevops_dotnetcore-azuredevops_AYbAf9qWAu8T8ZieRlfh:Program.cs,dotnetcore-azuredevops_dotnetcore-azuredevops_AYbAf9qWAu8T8ZieRlfh,2,d06e2d5ad665218c0d8119bfa4ae85a9,"{""startLine"":2,""endLine"":2,""startOffset"":0,""endOffset"":38}",OPEN,Remove this commented out code.,5min,5min,,unused,2023-03-09T01:17:16+0000,2023-06-15T02:33:49+0000,CODE_SMELL,MAIN,false,[]
AYbD8eqR_dtLGUU1PIfy,csharpsquid:S1118,MAJOR,dotnetcore-azuredevops_dotnetcore-azuredevops_AYbAf9qWAu8T8ZieRlfh:Program.cs,dotnetcore-azuredevops_dotnetcore-azuredevops_AYbAf9qWAu8T8ZieRlfh,15,b1a0c73329363528cc51b55f06ca0413,"{""startLine"":15,""endLine"":15,""startOffset"":6,""endOffset"":14}",OPEN,Add a &#x27;protected&#x27; constructor or the &#x27;static&#x27; keyword to the class declaration.,10min,10min,,design,2023-03-09T01:17:16+0000,2023-06-15T02:34:08+0000,CODE_SMELL,MAIN,false,[]
AYbD8eqR_dtLGUU1PIfz,csharpsquid:S3903,MAJOR,dotnetcore-azuredevops_dotnetcore-azuredevops_AYbAf9qWAu8T8ZieRlfh:Program.cs,dotnetcore-azuredevops_dotnetcore-azuredevops_AYbAf9qWAu8T8ZieRlfh,15,b1a0c73329363528cc51b55f06ca0413,"{""startLine"":15,""endLine"":15,""startOffset"":6,""endOffset"":14}",OPEN,Move &#x27;Solution&#x27; into a named namespace.,5min,5min,,,2023-03-09T01:17:16+0000,2023-06-15T02:34:33+0000,BUG,MAIN,false,[]
AYbD8eqR_dtLGUU1PIf0,external_roslyn:CS8604,MAJOR,dotnetcore-azuredevops_dotnetcore-azuredevops_AYbAf9qWAu8T8ZieRlfh:Program.cs,dotnetcore-azuredevops_dotnetcore-azuredevops_AYbAf9qWAu8T8ZieRlfh,19,afbb9792567b283fe7b39af08f3214d8,"{""startLine"":19,""endLine"":19,""startOffset"":30,""endOffset"":48}",OPEN,Possible null reference argument for parameter &#x27;s&#x27; in &#x27;int int.Parse(string s)&#x27;.,0min,0min,,,2023-03-09T01:17:16+0000,2023-06-15T02:34:58+0000,CODE_SMELL,MAIN,false,[]
AYbD8eqR_dtLGUU1PIf1,external_roslyn:CS8604,MAJOR,dotnetcore-azuredevops_dotnetcore-azuredevops_AYbAf9qWAu8T8ZieRlfh:Program.cs,dotnetcore-azuredevops_dotnetcore-azuredevops_AYbAf9qWAu8T8ZieRlfh,20,398abb5b5dc29c36ea6321a74956c824,"{""startLine"":20,""endLine"":20,""startOffset"":30,""endOffset"":48}",OPEN,Possible null reference argument for parameter &#x27;s&#x27; in &#x27;int int.Parse(string s)&#x27;.,0min,0min,,,2023-03-09T01:17:16+0000,2023-06-15T02:17:42+0000,CODE_SMELL,MAIN,false,[]
AYbD8eqR_dtLGUU1PIf2,external_roslyn:CS8602,MAJOR,dotnetcore-azuredevops_dotnetcore-azuredevops_AYbAf9qWAu8T8ZieRlfh:Program.cs,dotnetcore-azuredevops_dotnetcore-azuredevops_AYbAf9qWAu8T8ZieRlfh,26,8f71c4dd671ebd5bf866a52733fe341e,"{""startLine"":26,""endLine"":26,""startOffset"":34,""endOffset"":52}",OPEN,Dereference of a possibly null reference.,0min,0min,,,2023-03-09T01:17:16+0000,2023-06-15T02:18:07+0000,CODE_SMELL,MAIN,false,[]
AYbD8eqR_dtLGUU1PIf3,external_roslyn:CS8600,MAJOR,dotnetcore-azuredevops_dotnetcore-azuredevops_AYbAf9qWAu8T8ZieRlfh:Program.cs,dotnetcore-azuredevops_dotnetcore-azuredevops_AYbAf9qWAu8T8ZieRlfh,33,943060b4c5ca024dd833c0c55f35e992,"{""startLine"":33,""endLine"":33,""startOffset"":31,""endOffset"":49}",OPEN,Converting null literal or possible null value to non-nullable type.,0min,0min,,,2023-03-09T01:17:16+0000,2023-06-15T02:18:30+0000,CODE_SMELL,MAIN,false,[]
AYbD8eqR_dtLGUU1PIf4,external_roslyn:CS8602,MAJOR,dotnetcore-azuredevops_dotnetcore-azuredevops_AYbAf9qWAu8T8ZieRlfh:Program.cs,dotnetcore-azuredevops_dotnetcore-azuredevops_AYbAf9qWAu8T8ZieRlfh,34,0ca4d9ffbce99b33fdd1eb410c04841f,"{""startLine"":34,""endLine"":34,""startOffset"":24,""endOffset"":29}",OPEN,Dereference of a possibly null reference.,0min,0min,,,2023-03-09T01:17:16+0000,2023-06-15T02:18:54+0000,CODE_SMELL,MAIN,false,[]
AYbD8eqR_dtLGUU1PIf5,external_roslyn:CS8600,MAJOR,dotnetcore-azuredevops_dotnetcore-azuredevops_AYbAf9qWAu8T8ZieRlfh:Program.cs,dotnetcore-azuredevops_dotnetcore-azuredevops_AYbAf9qWAu8T8ZieRlfh,55,72f8c75971a47b3723a969e45c2f8421,"{""startLine"":55,""endLine"":55,""startOffset"":61,""endOffset"":77}",OPEN,Converting null literal or possible null value to non-nullable type.,0min,0min,,,2023-03-09T01:17:16+0000,2023-06-15T02:19:05+0000,CODE_SMELL,MAIN,false,[]
AYbAIe7v_dtLGUU1PIS7,csharpsquid:S125,MAJOR,csharp-dotnetcore-sonar:Program.cs,csharp-dotnetcore-sonar,2,d06e2d5ad665218c0d8119bfa4ae85a9,"{""startLine"":2,""endLine"":2,""startOffset"":0,""endOffset"":38}",OPEN,Remove this commented out code.,5min,5min,joshua.quek.fullstack@gmail.com,unused,2023-03-08T07:31:28+0000,2023-06-29T12:22:50+0000,CODE_SMELL,MAIN,false,[]
AYbAIe7v_dtLGUU1PIS8,csharpsquid:S1118,MAJOR,csharp-dotnetcore-sonar:Program.cs,csharp-dotnetcore-sonar,15,b1a0c73329363528cc51b55f06ca0413,"{""startLine"":15,""endLine"":15,""startOffset"":6,""endOffset"":14}",RESOLVED,Add a &#x27;protected&#x27; constructor or the &#x27;static&#x27; keyword to the class declaration.,10min,10min,joshua.quek.fullstack@gmail.com,design,2023-03-08T07:31:28+0000,2023-06-27T13:43:56+0000,CODE_SMELL,MAIN,false,[]
AYbAIe7v_dtLGUU1PIS9,csharpsquid:S3903,MAJOR,csharp-dotnetcore-sonar:Program.cs,csharp-dotnetcore-sonar,15,b1a0c73329363528cc51b55f06ca0413,"{""startLine"":15,""endLine"":15,""startOffset"":6,""endOffset"":14}",RESOLVED,Move &#x27;Solution&#x27; into a named namespace.,5min,5min,joshua.quek.fullstack@gmail.com,,2023-03-08T07:31:28+0000,2023-06-27T13:44:13+0000,BUG,MAIN,false,[]
AYbAIe7v_dtLGUU1PIS-,external_roslyn:CS8604,MAJOR,csharp-dotnetcore-sonar:Program.cs,csharp-dotnetcore-sonar,19,afbb9792567b283fe7b39af08f3214d8,"{""startLine"":19,""endLine"":19,""startOffset"":30,""endOffset"":48}",OPEN,Possible null reference argument for parameter &#x27;s&#x27; in &#x27;int int.Parse(string s)&#x27;.,0min,0min,joshua.quek.fullstack@gmail.com,,2023-03-08T07:31:28+0000,2023-06-29T12:23:06+0000,CODE_SMELL,MAIN,false,[]
AYbAIe7v_dtLGUU1PIS_,external_roslyn:CS8604,MAJOR,csharp-dotnetcore-sonar:Program.cs,csharp-dotnetcore-sonar,20,398abb5b5dc29c36ea6321a74956c824,"{""startLine"":20,""endLine"":20,""startOffset"":30,""endOffset"":48}",OPEN,Possible null reference argument for parameter &#x27;s&#x27; in &#x27;int int.Parse(string s)&#x27;.,0min,0min,joshua.quek.fullstack@gmail.com,,2023-03-08T07:31:28+0000,2023-06-29T12:23:22+0000,CODE_SMELL,MAIN,false,[]
AYbAIe7v_dtLGUU1PITA,external_roslyn:CS8602,MAJOR,csharp-dotnetcore-sonar:Program.cs,csharp-dotnetcore-sonar,26,8f71c4dd671ebd5bf866a52733fe341e,"{""startLine"":26,""endLine"":26,""startOffset"":34,""endOffset"":52}",OPEN,Dereference of a possibly null reference.,0min,0min,joshua.quek.fullstack@gmail.com,,2023-03-08T07:31:28+0000,2023-06-29T12:23:38+0000,CODE_SMELL,MAIN,false,[]
AYbAIe7v_dtLGUU1PITB,external_roslyn:CS8600,MAJOR,csharp-dotnetcore-sonar:Program.cs,csharp-dotnetcore-sonar,33,943060b4c5ca024dd833c0c55f35e992,"{""startLine"":33,""endLine"":33,""startOffset"":31,""endOffset"":49}",OPEN,Converting null literal or possible null value to non-nullable type.,0min,0min,joshua.quek.fullstack@gmail.com,,2023-03-08T07:31:28+0000,2023-06-29T12:23:56+0000,CODE_SMELL,MAIN,false,[]
AYbAIe7v_dtLGUU1PITC,external_roslyn:CS8602,MAJOR,csharp-dotnetcore-sonar:Program.cs,csharp-dotnetcore-sonar,34,0ca4d9ffbce99b33fdd1eb410c04841f,"{""startLine"":34,""endLine"":34,""startOffset"":24,""endOffset"":29}",OPEN,Dereference of a possibly null reference.,0min,0min,joshua.quek.fullstack@gmail.com,,2023-03-08T07:31:28+0000,2023-06-28T10:06:15+0000,CODE_SMELL,MAIN,false,[]
AYbAIe7v_dtLGUU1PITD,external_roslyn:CS8600,MAJOR,csharp-dotnetcore-sonar:Program.cs,csharp-dotnetcore-sonar,55,72f8c75971a47b3723a969e45c2f8421,"{""startLine"":55,""endLine"":55,""startOffset"":61,""endOffset"":77}",OPEN,Converting null literal or possible null value to non-nullable type.,0min,0min,joshua.quek.fullstack@gmail.com,,2023-03-08T07:31:28+0000,2023-06-28T10:06:28+0000,CODE_SMELL,MAIN,false,[]
AYaoGdhm_dtLGUU1PCnL,javascript:S6353,MINOR,joshua-quek-sonarsource_joshua-quek-sonarsource_AYaiptbyAu8T8ZieRld0:server/app/routes/authentication/postgres-user-pass/login-user/validator.js,joshua-quek-sonarsource_joshua-quek-sonarsource_AYaiptbyAu8T8ZieRld0,33,f6854f52653d5e12493dbf52666b9a65,"{""startLine"":33,""endLine"":33,""startOffset"":67,""endOffset"":72}",OPEN,Use concise character class syntax &#x27;\d&#x27; instead of &#x27;[0-9]&#x27;.,5min,5min,,regex,2023-03-03T15:31:16+0000,2023-07-01T11:02:47+0000,CODE_SMELL,MAIN,false,[]
AYaoGdhV_dtLGUU1PCnK,javascript:S6353,MINOR,joshua-quek-sonarsource_joshua-quek-sonarsource_AYaiptbyAu8T8ZieRld0:server/app/routes/authentication/postgres-user-pass/register-user/validator.js,joshua-quek-sonarsource_joshua-quek-sonarsource_AYaiptbyAu8T8ZieRld0,33,f6854f52653d5e12493dbf52666b9a65,"{""startLine"":33,""endLine"":33,""startOffset"":67,""endOffset"":72}",OPEN,Use concise character class syntax &#x27;\d&#x27; instead of &#x27;[0-9]&#x27;.,5min,5min,,regex,2023-03-03T15:31:16+0000,2023-07-01T11:02:54+0000,CODE_SMELL,MAIN,false,[]
AYaoGdiF_dtLGUU1PCnN,javascript:S125,MAJOR,joshua-quek-sonarsource_joshua-quek-sonarsource_AYaiptbyAu8T8ZieRld0:server/libs/utils/passport-util/index.js,joshua-quek-sonarsource_joshua-quek-sonarsource_AYaiptbyAu8T8ZieRld0,3,62651bbac3e89346d624f055269ae473,"{""startLine"":3,""endLine"":3,""startOffset"":0,""endOffset"":69}",OPEN,Remove this commented out code.,5min,5min,,unused,2023-03-03T15:31:16+0000,2023-07-01T11:03:01+0000,CODE_SMELL,MAIN,true,[]
AYaoGdiF_dtLGUU1PCnO,javascript:S125,MAJOR,joshua-quek-sonarsource_joshua-quek-sonarsource_AYaiptbyAu8T8ZieRld0:server/libs/utils/passport-util/index.js,joshua-quek-sonarsource_joshua-quek-sonarsource_AYaiptbyAu8T8ZieRld0,8,a1f34110be3bc2a6fa3f1b04c3d0da37,"{""startLine"":8,""endLine"":18,""startOffset"":0,""endOffset"":4}",OPEN,Remove this commented out code.,5min,5min,,unused,2023-03-03T15:31:16+0000,2023-07-01T11:03:08+0000,CODE_SMELL,MAIN,true,[]
AYaoGdh4_dtLGUU1PCnM,javascript:S3776,CRITICAL,joshua-quek-sonarsource_joshua-quek-sonarsource_AYaiptbyAu8T8ZieRld0:server/libs/utils/response-util/index.js,joshua-quek-sonarsource_joshua-quek-sonarsource_AYaiptbyAu8T8ZieRld0,10,9fd938826b1574828d41c951f5910d92,"{""startLine"":10,""endLine"":10,""startOffset"":31,""endOffset"":33}",OPEN,Refactor this function to reduce its Cognitive Complexity from 16 to the 15 allowed.,6min,6min,,brain-overload,2023-03-03T15:31:16+0000,2023-07-01T11:03:22+0000,CODE_SMELL,MAIN,false,[]
AYaoGdil_dtLGUU1PCnR,javascript:S4624,MAJOR,joshua-quek-sonarsource_joshua-quek-sonarsource_AYaiptbyAu8T8ZieRld0:server/start.js,joshua-quek-sonarsource_joshua-quek-sonarsource_AYaiptbyAu8T8ZieRld0,20,811c7cb7055e21c1bf30df2c078bcf87,"{""startLine"":20,""endLine"":20,""startOffset"":143,""endOffset"":169}",OPEN,Refactor this code to not use nested template literals.,10min,10min,,"brain-overload,confusing",2023-03-03T15:31:16+0000,2023-07-02T13:55:29+0000,CODE_SMELL,MAIN,false,[]
AYZ3RCNafPd1PQzl2LAD,javascript:S125,MAJOR,Open-Digital-Society_nodejs-sonar-github_AYZWSSb-cj38u-p-bzH_:server/libs/utils/passport-util/index.js,Open-Digital-Society_nodejs-sonar-github_AYZWSSb-cj38u-p-bzH_,3,62651bbac3e89346d624f055269ae473,"{""startLine"":3,""endLine"":3,""startOffset"":0,""endOffset"":69}",OPEN,Remove this commented out code.,5min,5min,joshua.quek.fullstack@gmail.com,unused,2023-02-09T22:13:19+0000,2023-02-22T03:55:57+0000,CODE_SMELL,MAIN,true,[]
AYZ3RCNafPd1PQzl2LAE,javascript:S125,MAJOR,Open-Digital-Society_nodejs-sonar-github_AYZWSSb-cj38u-p-bzH_:server/libs/utils/passport-util/index.js,Open-Digital-Society_nodejs-sonar-github_AYZWSSb-cj38u-p-bzH_,8,a1f34110be3bc2a6fa3f1b04c3d0da37,"{""startLine"":8,""endLine"":18,""startOffset"":0,""endOffset"":4}",OPEN,Remove this commented out code.,5min,5min,joshua.quek.fullstack@gmail.com,unused,2023-02-09T22:13:19+0000,2023-02-22T03:55:57+0000,CODE_SMELL,MAIN,true,[]
AYZ3RYb6fPd1PQzl2L0s,javascript:S125,MAJOR,joshuaquek_nodejs-sonar_AYYy5lp7jcm0OeKe8voF:server/app/routes/authentication/index.js,joshuaquek_nodejs-sonar_AYYy5lp7jcm0OeKe8voF,,a1f34110be3bc2a6fa3f1b04c3d0da37,"{""startLine"":22,""endLine"":31,""startOffset"":0,""endOffset"":79}",CLOSED,Remove this commented out code.,5min,5min,joshua.quek.fullstack@gmail.com,unused,2023-02-09T22:13:19+0000,2023-02-22T08:56:36+0000,CODE_SMELL,MAIN,true,[]
AYZ3RYcVfPd1PQzl2L0u,javascript:S125,MAJOR,joshuaquek_nodejs-sonar_AYYy5lp7jcm0OeKe8voF:server/libs/utils/passport-util/index.js,joshuaquek_nodejs-sonar_AYYy5lp7jcm0OeKe8voF,3,62651bbac3e89346d624f055269ae473,"{""startLine"":3,""endLine"":3,""startOffset"":0,""endOffset"":69}",OPEN,Remove this commented out code.,5min,5min,joshua.quek.fullstack@gmail.com,unused,2023-02-09T22:13:19+0000,2023-02-22T03:57:04+0000,CODE_SMELL,MAIN,true,[]
AYZ3RYcVfPd1PQzl2L0v,javascript:S125,MAJOR,joshuaquek_nodejs-sonar_AYYy5lp7jcm0OeKe8voF:server/libs/utils/passport-util/index.js,joshuaquek_nodejs-sonar_AYYy5lp7jcm0OeKe8voF,8,a1f34110be3bc2a6fa3f1b04c3d0da37,"{""startLine"":8,""endLine"":18,""startOffset"":0,""endOffset"":4}",OPEN,Remove this commented out code.,5min,5min,joshua.quek.fullstack@gmail.com,unused,2023-02-09T22:13:19+0000,2023-02-22T03:57:04+0000,CODE_SMELL,MAIN,true,[]
AYZ9hRin_dtLGUU1O__Y,javascript:S125,MAJOR,joshua-quek-sonarsource_nodejs-sonar-bitbucket_AYZ8_EMPAu8T8ZieRlaH:server/libs/utils/passport-util/index.js,joshua-quek-sonarsource_nodejs-sonar-bitbucket_AYZ8_EMPAu8T8ZieRlaH,3,62651bbac3e89346d624f055269ae473,"{""startLine"":3,""endLine"":3,""startOffset"":0,""endOffset"":69}",OPEN,Remove this commented out code.,5min,5min,joshua.quek.fullstack@gmail.com,unused,2023-02-09T22:13:19+0000,2023-07-05T06:47:30+0000,CODE_SMELL,MAIN,true,[]
AYZ9hRin_dtLGUU1O__Z,javascript:S125,MAJOR,joshua-quek-sonarsource_nodejs-sonar-bitbucket_AYZ8_EMPAu8T8ZieRlaH:server/libs/utils/passport-util/index.js,joshua-quek-sonarsource_nodejs-sonar-bitbucket_AYZ8_EMPAu8T8ZieRlaH,8,a1f34110be3bc2a6fa3f1b04c3d0da37,"{""startLine"":8,""endLine"":18,""startOffset"":0,""endOffset"":4}",OPEN,Remove this commented out code.,5min,5min,joshua.quek.fullstack@gmail.com,unused,2023-02-09T22:13:19+0000,2023-07-05T06:47:35+0000,CODE_SMELL,MAIN,true,[]
AYj9QYLYj7aSGIl2btKc,javascript:S125,MAJOR,nodejs-sonar-local:server/libs/utils/passport-util/index.js,nodejs-sonar-local,3,62651bbac3e89346d624f055269ae473,"{""startLine"":3,""endLine"":3,""startOffset"":0,""endOffset"":69}",OPEN,Remove this commented out code.,5min,5min,joshua.quek.fullstack@gmail.com,unused,2023-02-09T22:13:19+0000,2023-07-14T02:36:43+0000,CODE_SMELL,MAIN,true,[]
AYj9QYLYj7aSGIl2btKd,javascript:S125,MAJOR,nodejs-sonar-local:server/libs/utils/passport-util/index.js,nodejs-sonar-local,8,a1f34110be3bc2a6fa3f1b04c3d0da37,"{""startLine"":8,""endLine"":18,""startOffset"":0,""endOffset"":4}",OPEN,Remove this commented out code.,5min,5min,joshua.quek.fullstack@gmail.com,unused,2023-02-09T22:13:19+0000,2023-07-14T02:36:49+0000,CODE_SMELL,MAIN,true,[]
AYZ3RCMrfPd1PQzl2LAA,javascript:S6353,MINOR,Open-Digital-Society_nodejs-sonar-github_AYZWSSb-cj38u-p-bzH_:server/app/routes/authentication/postgres-user-pass/login-user/validator.js,Open-Digital-Society_nodejs-sonar-github_AYZWSSb-cj38u-p-bzH_,33,f6854f52653d5e12493dbf52666b9a65,"{""startLine"":33,""endLine"":33,""startOffset"":67,""endOffset"":72}",OPEN,Use concise character class syntax &#x27;\d&#x27; instead of &#x27;[0-9]&#x27;.,5min,5min,joshua.quek.fullstack@gmail.com,regex,2022-12-19T02:16:04+0000,2023-02-22T03:55:57+0000,CODE_SMELL,MAIN,false,[]
AYZ3RCMLfPd1PQzl2K__,javascript:S6353,MINOR,Open-Digital-Society_nodejs-sonar-github_AYZWSSb-cj38u-p-bzH_:server/app/routes/authentication/postgres-user-pass/register-user/validator.js,Open-Digital-Society_nodejs-sonar-github_AYZWSSb-cj38u-p-bzH_,33,f6854f52653d5e12493dbf52666b9a65,"{""startLine"":33,""endLine"":33,""startOffset"":67,""endOffset"":72}",OPEN,Use concise character class syntax &#x27;\d&#x27; instead of &#x27;[0-9]&#x27;.,5min,5min,joshua.quek.fullstack@gmail.com,regex,2022-12-19T02:16:04+0000,2023-02-22T03:55:57+0000,CODE_SMELL,MAIN,false,[]
AYZ3RCNFfPd1PQzl2LAC,javascript:S3776,CRITICAL,Open-Digital-Society_nodejs-sonar-github_AYZWSSb-cj38u-p-bzH_:server/libs/utils/response-util/index.js,Open-Digital-Society_nodejs-sonar-github_AYZWSSb-cj38u-p-bzH_,10,9fd938826b1574828d41c951f5910d92,"{""startLine"":10,""endLine"":10,""startOffset"":31,""endOffset"":33}",OPEN,Refactor this function to reduce its Cognitive Complexity from 16 to the 15 allowed.,6min,6min,joshua.quek.fullstack@gmail.com,brain-overload,2022-12-19T02:16:04+0000,2023-02-22T03:55:57+0000,CODE_SMELL,MAIN,false,[]
AYZ3RCN8fPd1PQzl2LAH,javascript:S4624,MAJOR,Open-Digital-Society_nodejs-sonar-github_AYZWSSb-cj38u-p-bzH_:server/start.js,Open-Digital-Society_nodejs-sonar-github_AYZWSSb-cj38u-p-bzH_,20,811c7cb7055e21c1bf30df2c078bcf87,"{""startLine"":20,""endLine"":20,""startOffset"":143,""endOffset"":169}",OPEN,Refactor this code to not use nested template literals.,10min,10min,joshua.quek.fullstack@gmail.com,"brain-overload,confusing",2022-12-19T02:16:04+0000,2023-02-22T03:55:57+0000,CODE_SMELL,MAIN,false,[]
AYZ3RYbvfPd1PQzl2L0r,javascript:S6353,MINOR,joshuaquek_nodejs-sonar_AYYy5lp7jcm0OeKe8voF:server/app/routes/authentication/postgres-user-pass/login-user/validator.js,joshuaquek_nodejs-sonar_AYYy5lp7jcm0OeKe8voF,33,f6854f52653d5e12493dbf52666b9a65,"{""startLine"":33,""endLine"":33,""startOffset"":67,""endOffset"":72}",OPEN,Use concise character class syntax &#x27;\d&#x27; instead of &#x27;[0-9]&#x27;.,5min,5min,joshua.quek.fullstack@gmail.com,regex,2022-12-19T02:16:04+0000,2023-02-22T03:57:04+0000,CODE_SMELL,MAIN,false,[]
AYZ3RYbWfPd1PQzl2L0q,javascript:S6353,MINOR,joshuaquek_nodejs-sonar_AYYy5lp7jcm0OeKe8voF:server/app/routes/authentication/postgres-user-pass/register-user/validator.js,joshuaquek_nodejs-sonar_AYYy5lp7jcm0OeKe8voF,33,f6854f52653d5e12493dbf52666b9a65,"{""startLine"":33,""endLine"":33,""startOffset"":67,""endOffset"":72}",OPEN,Use concise character class syntax &#x27;\d&#x27; instead of &#x27;[0-9]&#x27;.,5min,5min,joshua.quek.fullstack@gmail.com,regex,2022-12-19T02:16:04+0000,2023-02-22T03:57:04+0000,CODE_SMELL,MAIN,false,[]
AYZ3RYcIfPd1PQzl2L0t,javascript:S3776,CRITICAL,joshuaquek_nodejs-sonar_AYYy5lp7jcm0OeKe8voF:server/libs/utils/response-util/index.js,joshuaquek_nodejs-sonar_AYYy5lp7jcm0OeKe8voF,10,9fd938826b1574828d41c951f5910d92,"{""startLine"":10,""endLine"":10,""startOffset"":31,""endOffset"":33}",OPEN,Refactor this function to reduce its Cognitive Complexity from 16 to the 15 allowed.,6min,6min,joshua.quek.fullstack@gmail.com,brain-overload,2022-12-19T02:16:04+0000,2023-02-22T03:57:04+0000,CODE_SMELL,MAIN,false,[]
AYZ3RYc1fPd1PQzl2L0y,javascript:S4624,MAJOR,joshuaquek_nodejs-sonar_AYYy5lp7jcm0OeKe8voF:server/start.js,joshuaquek_nodejs-sonar_AYYy5lp7jcm0OeKe8voF,20,811c7cb7055e21c1bf30df2c078bcf87,"{""startLine"":20,""endLine"":20,""startOffset"":143,""endOffset"":169}",OPEN,Refactor this code to not use nested template literals.,10min,10min,joshua.quek.fullstack@gmail.com,"brain-overload,confusing",2022-12-19T02:16:04+0000,2023-02-22T03:57:04+0000,CODE_SMELL,MAIN,false,[]
AYZ9hRh3_dtLGUU1O__W,javascript:S6353,MINOR,joshua-quek-sonarsource_nodejs-sonar-bitbucket_AYZ8_EMPAu8T8ZieRlaH:server/app/routes/authentication/postgres-user-pass/login-user/validator.js,joshua-quek-sonarsource_nodejs-sonar-bitbucket_AYZ8_EMPAu8T8ZieRlaH,33,f6854f52653d5e12493dbf52666b9a65,"{""startLine"":33,""endLine"":33,""startOffset"":67,""endOffset"":72}",OPEN,Use concise character class syntax &#x27;\d&#x27; instead of &#x27;[0-9]&#x27;.,5min,5min,joshua.quek.fullstack@gmail.com,regex,2022-12-19T02:16:04+0000,2023-07-05T06:47:42+0000,CODE_SMELL,MAIN,false,[]
AYZ9hRgf_dtLGUU1O__V,javascript:S6353,MINOR,joshua-quek-sonarsource_nodejs-sonar-bitbucket_AYZ8_EMPAu8T8ZieRlaH:server/app/routes/authentication/postgres-user-pass/register-user/validator.js,joshua-quek-sonarsource_nodejs-sonar-bitbucket_AYZ8_EMPAu8T8ZieRlaH,33,f6854f52653d5e12493dbf52666b9a65,"{""startLine"":33,""endLine"":33,""startOffset"":67,""endOffset"":72}",OPEN,Use concise character class syntax &#x27;\d&#x27; instead of &#x27;[0-9]&#x27;.,5min,5min,joshua.quek.fullstack@gmail.com,regex,2022-12-19T02:16:04+0000,2023-07-05T06:47:50+0000,CODE_SMELL,MAIN,false,[]
AYZ9hRiX_dtLGUU1O__X,javascript:S3776,CRITICAL,joshua-quek-sonarsource_nodejs-sonar-bitbucket_AYZ8_EMPAu8T8ZieRlaH:server/libs/utils/response-util/index.js,joshua-quek-sonarsource_nodejs-sonar-bitbucket_AYZ8_EMPAu8T8ZieRlaH,10,9fd938826b1574828d41c951f5910d92,"{""startLine"":10,""endLine"":10,""startOffset"":31,""endOffset"":33}",OPEN,Refactor this function to reduce its Cognitive Complexity from 16 to the 15 allowed.,6min,6min,joshua.quek.fullstack@gmail.com,brain-overload,2022-12-19T02:16:04+0000,2023-07-05T06:48:00+0000,CODE_SMELL,MAIN,false,[]
AYZ9hRjR_dtLGUU1O__c,javascript:S4624,MAJOR,joshua-quek-sonarsource_nodejs-sonar-bitbucket_AYZ8_EMPAu8T8ZieRlaH:server/start.js,joshua-quek-sonarsource_nodejs-sonar-bitbucket_AYZ8_EMPAu8T8ZieRlaH,20,811c7cb7055e21c1bf30df2c078bcf87,"{""startLine"":20,""endLine"":20,""startOffset"":143,""endOffset"":169}",OPEN,Refactor this code to not use nested template literals.,10min,10min,joshua.quek.fullstack@gmail.com,"brain-overload,confusing",2022-12-19T02:16:04+0000,2023-07-05T06:48:08+0000,CODE_SMELL,MAIN,false,[]
AYj9QYKHj7aSGIl2btKY,javascript:S6544,MAJOR,nodejs-sonar-local:server/app/routes/authentication/postgres-user-pass/login-user/helpers/check-credentials.js,nodejs-sonar-local,8,b717b7e0afeea1a7e54d19325a348165,"{""startLine"":8,""endLine"":8,""startOffset"":21,""endOffset"":26}",OPEN,Promise executor functions should not be async.,5min,5min,joshua.quek.fullstack@gmail.com,"async,promise",2022-12-19T02:16:04+0000,2023-07-14T02:36:54+0000,BUG,MAIN,false,[]
AYj9QYKHj7aSGIl2btKZ,javascript:S6544,MAJOR,nodejs-sonar-local:server/app/routes/authentication/postgres-user-pass/login-user/helpers/check-credentials.js,nodejs-sonar-local,27,b717b7e0afeea1a7e54d19325a348165,"{""startLine"":27,""endLine"":27,""startOffset"":21,""endOffset"":26}",OPEN,Promise executor functions should not be async.,5min,5min,joshua.quek.fullstack@gmail.com,"async,promise",2022-12-19T02:16:04+0000,2023-07-14T02:37:01+0000,BUG,MAIN,false,[]
AYj9QYJ9j7aSGIl2btKX,javascript:S6544,MAJOR,nodejs-sonar-local:server/app/routes/authentication/postgres-user-pass/login-user/helpers/issue-jwt-token.js,nodejs-sonar-local,5,b717b7e0afeea1a7e54d19325a348165,"{""startLine"":5,""endLine"":5,""startOffset"":21,""endOffset"":26}",OPEN,Promise executor functions should not be async.,5min,5min,joshua.quek.fullstack@gmail.com,"async,promise",2022-12-19T02:16:04+0000,2023-07-14T02:37:07+0000,BUG,MAIN,false,[]
AYj9QYKPj7aSGIl2btKa,javascript:S6353,MINOR,nodejs-sonar-local:server/app/routes/authentication/postgres-user-pass/login-user/validator.js,nodejs-sonar-local,33,f6854f52653d5e12493dbf52666b9a65,"{""startLine"":33,""endLine"":33,""startOffset"":67,""endOffset"":72}",OPEN,Use concise character class syntax &#x27;\d&#x27; instead of &#x27;[0-9]&#x27;.,5min,5min,joshua.quek.fullstack@gmail.com,regex,2022-12-19T02:16:04+0000,2023-07-14T02:37:16+0000,CODE_SMELL,MAIN,false,[]
AYj9QYILj7aSGIl2btKV,javascript:S6544,MAJOR,nodejs-sonar-local:server/app/routes/authentication/postgres-user-pass/register-user/helpers/insert-new-database-user.js,nodejs-sonar-local,14,b717b7e0afeea1a7e54d19325a348165,"{""startLine"":14,""endLine"":14,""startOffset"":21,""endOffset"":26}",OPEN,Promise executor functions should not be async.,5min,5min,joshua.quek.fullstack@gmail.com,"async,promise",2022-12-19T02:16:04+0000,2023-07-14T02:37:27+0000,BUG,MAIN,false,[]
AYj9QYJ1j7aSGIl2btKW,javascript:S6353,MINOR,nodejs-sonar-local:server/app/routes/authentication/postgres-user-pass/register-user/validator.js,nodejs-sonar-local,33,f6854f52653d5e12493dbf52666b9a65,"{""startLine"":33,""endLine"":33,""startOffset"":67,""endOffset"":72}",OPEN,Use concise character class syntax &#x27;\d&#x27; instead of &#x27;[0-9]&#x27;.,5min,5min,joshua.quek.fullstack@gmail.com,regex,2022-12-19T02:16:04+0000,2023-07-14T02:37:38+0000,CODE_SMELL,MAIN,false,[]
AYj9QYLGj7aSGIl2btKb,javascript:S3776,CRITICAL,nodejs-sonar-local:server/libs/utils/response-util/index.js,nodejs-sonar-local,10,9fd938826b1574828d41c951f5910d92,"{""startLine"":10,""endLine"":10,""startOffset"":31,""endOffset"":33}",OPEN,Refactor this function to reduce its Cognitive Complexity from 16 to the 15 allowed.,6min,6min,joshua.quek.fullstack@gmail.com,brain-overload,2022-12-19T02:16:04+0000,2023-07-14T02:37:51+0000,CODE_SMELL,MAIN,false,[]
AYj9QYL6j7aSGIl2btKg,javascript:S4624,MAJOR,nodejs-sonar-local:server/start.js,nodejs-sonar-local,20,811c7cb7055e21c1bf30df2c078bcf87,"{""startLine"":20,""endLine"":20,""startOffset"":143,""endOffset"":169}",OPEN,Refactor this code to not use nested template literals.,10min,10min,joshua.quek.fullstack@gmail.com,"brain-overload,confusing",2022-12-19T02:16:04+0000,2023-07-14T02:37:59+0000,CODE_SMELL,MAIN,false,[]
